{
    "locations": [
        {
            "location_name": "Anchorage, AK",
            "address_1": "2440 E Tudor Road #235",
            "address_2": "",
            "city": "Anchorage",
            "state": "AK",
            "state_name": "Alaska",
            "postal_code": "99507-1185",
            "country": "USA",
            "phone": "907-276-3200",
            "fax": "907-561-4800"
        },
        {
            "location_name": "Birmingham, AL",
            "address_1": "2721 6th Avenue South",
            "address_2": "",
            "city": "Birmingham",
            "state": "AL",
            "state_name": "Alabama",
            "postal_code": "35233-3406",
            "country": "USA",
            "phone": "205-252-5148",
            "fax": "205-252-5198"
        },
        {
            "location_name": "Little Rock, AR",
            "address_1": "400 Hardin Road",
            "address_2": "Suite 170",
            "city": "Little Rock",
            "state": "AR",
            "state_name": "Arkansas",
            "postal_code": "72211-3507",
            "country": "USA",
            "phone": "501-375-0930",
            "fax": "501-375-2634"
        },
        {
            "location_name": "Phoenix, AZ",
            "address_1": "8270 S. Kyrene Road",
            "address_2": "Ste. 110",
            "city": "Tempe",
            "state": "AZ",
            "state_name": "Arizona",
            "postal_code": "85284-2118",
            "country": "USA",
            "phone": "480-557-9000",
            "fax": "480-557-9005"
        },
        {
            "location_name": "Tucson, AZ",
            "address_1": "4127 S. Palo Verde Road",
            "address_2": "Suite 105",
            "city": "Tucson",
            "state": "AZ",
            "state_name": "Arizona",
            "postal_code": "85714-2069",
            "country": "USA",
            "phone": "520-628-1616",
            "fax": "520-628-1617"
        },
        {
            "location_name": "Irvine, CA",
            "address_1": "3585 Cadillac Avenue",
            "address_2": "Suite B",
            "city": "Costa Mesa",
            "state": "CA",
            "state_name": "California",
            "postal_code": "92626-1401",
            "country": "USA",
            "phone": "714-361-3043",
            "fax": "714-361-3044"
        },
        {
            "location_name": "Los Angeles, CA",
            "address_1": "16450 Foothill Blvd.",
            "address_2": "Suite 200",
            "city": "Sylmar",
            "state": "CA",
            "state_name": "California",
            "postal_code": "91342-1036",
            "country": "USA",
            "phone": "818-336-3000",
            "fax": "818-336-3076"
        },
        {
            "location_name": "Sacramento, CA",
            "address_1": "1329 N. Market Blvd.",
            "address_2": "Ste. 120",
            "city": "Sacramento",
            "state": "CA",
            "state_name": "California",
            "postal_code": "95834-2941",
            "country": "USA",
            "phone": "916-928-9420",
            "fax": "916-928-1738"
        },
        {
            "location_name": "San Diego, CA",
            "address_1": "9810 Summers Ridge Road",
            "address_2": "Suite 140",
            "city": "San Diego",
            "state": "CA",
            "state_name": "California",
            "postal_code": "92121-4001",
            "country": "USA",
            "phone": "858-812-2330",
            "fax": "858-812-2331"
        },
        {
            "location_name": "San Francisco, CA",
            "address_1": "555 McCormick Street",
            "address_2": "",
            "city": "San Leandro",
            "state": "CA",
            "state_name": "California",
            "postal_code": "94577-1107",
            "country": "USA",
            "phone": "510-382-2075",
            "fax": "510-382-2250"
        },
        {
            "location_name": "Denver, CO",
            "address_1": "6950 West Jefferson",
            "address_2": "Suite 210",
            "city": "Lakewood",
            "state": "CO",
            "state_name": "Colorado",
            "postal_code": "80235-2334",
            "country": "USA",
            "phone": "303-777-5020",
            "fax": "303-777-4857"
        },
        {
            "location_name": "Hartford, CT ",
            "address_1": "850 Brook Street",
            "address_2": "",
            "city": "Rocky Hill",
            "state": "CT",
            "state_name": "Connecticut",
            "postal_code": "06067-3406",
            "country": "USA",
            "phone": "860-257-1497",
            "fax": "860-257-1549"
        },
        {
            "location_name": "Jacksonville, FL",
            "address_1": "9143 Philips Highway",
            "address_2": "Suite 260",
            "city": "Jacksonville",
            "state": "FL",
            "state_name": "Florida",
            "postal_code": "32256-1348",
            "country": "USA",
            "phone": "904-880-4922",
            "fax": "904-880-4916"
        },
        {
            "location_name": "Miami, FL",
            "address_1": "13800 NW 2nd Street",
            "address_2": "Suite 140",
            "city": "Sunrise",
            "state": "FL",
            "state_name": "Florida",
            "postal_code": "33325-6232",
            "country": "USA",
            "phone": "954-626-5555",
            "fax": "954-626-5599"
        },
        {
            "location_name": "Naples, FL",
            "address_1": "1730 Trade Center Way",
            "address_2": "",
            "city": "Naples",
            "state": "FL",
            "state_name": "Florida",
            "postal_code": "34109-1864",
            "country": "USA",
            "phone": "239-566-9795",
            "fax": "239-566-9259"
        },
        {
            "location_name": "Orlando, FL",
            "address_1": "7100 TPC Drive",
            "address_2": "Suite 300",
            "city": "Orlando",
            "state": "FL",
            "state_name": "Florida",
            "postal_code": "32822-5125",
            "country": "USA",
            "phone": "407-235-1200",
            "fax": "407-235-1230"
        },
        {
            "location_name": "Pensacola, FL",
            "address_1": "3357 Copter Road",
            "address_2": "Suite 9",
            "city": "Pensacola",
            "state": "FL",
            "state_name": "Florida",
            "postal_code": "32514-7095",
            "country": "USA",
            "phone": "850-473-1993",
            "fax": "850-473-1994"
        },
        {
            "location_name": "Tallahassee, FL",
            "address_1": "2901 East Park Avenue",
            "address_2": "Suite 1900",
            "city": "Tallahassee",
            "state": "FL",
            "state_name": "Florida",
            "postal_code": "32301-3453",
            "country": "USA",
            "phone": "850-422-2258",
            "fax": "850-422-2278"
        },
        {
            "location_name": "Tampa, FL",
            "address_1": "5833 Barry Road",
            "address_2": "",
            "city": "Tampa",
            "state": "FL",
            "state_name": "Florida",
            "postal_code": "33634-3020",
            "country": "USA",
            "phone": "813-888-5335",
            "fax": "813-888-7785"
        },
        {
            "location_name": "Atlanta, GA",
            "address_1": "6600 Highlands Parkway   ",
            "address_2": "",
            "city": "Smyrna",
            "state": "GA",
            "state_name": "Georgia",
            "postal_code": "30082-4856",
            "country": "USA",
            "phone": "770-319-2900",
            "fax": "770-319-2924"
        },
        {
            "location_name": "Honolulu, HI",
            "address_1": "99-1151 Iwaena Street",
            "address_2": "",
            "city": "Aiea",
            "state": "HI",
            "state_name": "Hawaii",
            "postal_code": "96701-5647",
            "country": "USA",
            "phone": "808-547-8500",
            "fax": "808-547-8510"
        },
        {
            "location_name": "Des Moines, IA",
            "address_1": "3000 Justin Drive",
            "address_2": "Suite F",
            "city": "Urbandale",
            "state": "IA",
            "state_name": "Iowa",
            "postal_code": "50322-3875",
            "country": "USA",
            "phone": "515-243-6142",
            "fax": "515-243-8670"
        },
        {
            "location_name": "Boise, ID ",
            "address_1": "743 McGregor Ct., Suite 140",
            "address_2": "",
            "city": "Boise",
            "state": "ID",
            "state_name": "Idaho",
            "postal_code": "83705-5225",
            "country": "USA",
            "phone": "208-577-5525",
            "fax": "208-577-5526"
        },
        {
            "location_name": "Chicago Downtown, IL",
            "address_1": "100 South Wacker Drive",
            "address_2": "Suite 1575",
            "city": "Chicago",
            "state": "IL",
            "state_name": "Illinois",
            "postal_code": "60606-4013",
            "country": "USA",
            "phone": "312-730-7100",
            "fax": "312-730-7120"
        },
        {
            "location_name": "Chicago Suburban, IL",
            "address_1": "853 North Church Court",
            "address_2": "",
            "city": "Elmhurst",
            "state": "IL",
            "state_name": "Illinois",
            "postal_code": "60126-1036",
            "country": "USA",
            "phone": "630-478-7179",
            "fax": "630-478-7184"
        },
        {
            "location_name": "Indianapolis, IN",
            "address_1": "2325 Executive Drive",
            "address_2": "",
            "city": "Indianapolis",
            "state": "IN",
            "state_name": "Indiana",
            "postal_code": "46241-5008",
            "country": "USA",
            "phone": "317-486-0906",
            "fax": "317-486-1016"
        },
        {
            "location_name": "South Bend, IN",
            "address_1": "3725 West Cleveland Road",
            "address_2": "Suite 300",
            "city": "South Bend",
            "state": "IN",
            "state_name": "Indiana",
            "postal_code": "46628-9779",
            "country": "USA",
            "phone": "574-243-0022",
            "fax": "574-243-0077"
        },
        {
            "location_name": "Kansas City, MO",
            "address_1": "1802 Jasper Street",
            "address_2": "",
            "city": "North Kansas City",
            "state": "MO",
            "state_name": "Missouri",
            "postal_code": "64116-3623",
            "country": "USA",
            "phone": "816-474-9494",
            "fax": "816-842-1976"
        },
        {
            "location_name": "Wichita, KS",
            "address_1": "125 N. Market St., Ste.200",
            "address_2": "",
            "city": "Wichita",
            "state": "KS",
            "state_name": "Kansas",
            "postal_code": "67202-1201",
            "country": "USA",
            "phone": "316-262-5801",
            "fax": "316-262-5800"
        },
        {
            "location_name": "Louisville, KY",
            "address_1": "1400 Woerner Avenue",
            "address_2": "",
            "city": "Clarksville",
            "state": "IN",
            "state_name": "Indiana",
            "postal_code": "47129-3137",
            "country": "USA",
            "phone": "812-282-6900",
            "fax": "812-282-6963"
        },
        {
            "location_name": "Baton Rouge, LA",
            "address_1": "3103 North Boulevard",
            "address_2": "",
            "city": "Baton Rouge",
            "state": "LA",
            "state_name": "Lousianna",
            "postal_code": "70806-3740",
            "country": "USA",
            "phone": "225-387-4475",
            "fax": "225-381-9577"
        },
        {
            "location_name": "New Orleans, LA",
            "address_1": "656 Time Saver Avenue",
            "address_2": "",
            "city": "Harahan",
            "state": "LA",
            "state_name": "Lousianna",
            "postal_code": "70123-3144",
            "country": "USA",
            "phone": "504-613-2300",
            "fax": "504-734-0877"
        },
        {
            "location_name": "Shreveport, LA ",
            "address_1": "9445 Stevens Road",
            "address_2": "Suite 100",
            "city": "Shreveport",
            "state": "LA",
            "state_name": "Lousianna",
            "postal_code": "71106-7566",
            "country": "USA",
            "phone": "318-635-8147",
            "fax": "318-631-3468"
        },
        {
            "location_name": "Boston, MA ",
            "address_1": "23 Walpole Park South Drive",
            "address_2": "",
            "city": "Walpole",
            "state": "MA",
            "state_name": "Massachusetts",
            "postal_code": "02081-2531",
            "country": "USA",
            "phone": "508-660-5454",
            "fax": "508-660-5440"
        },
        {
            "location_name": "Springfield, MA",
            "address_1": "51 Doty Circle",
            "address_2": "",
            "city": "West Springfield",
            "state": "MA",
            "state_name": "Massachusetts",
            "postal_code": "01089-1307",
            "country": "USA",
            "phone": "413-205-2170",
            "fax": "413-733-0517"
        },
        {
            "location_name": "Baltimore, MD",
            "address_1": "1730 Twin Springs Road",
            "address_2": "Suite 222",
            "city": "Baltimore",
            "state": "MD",
            "state_name": "Maryland",
            "postal_code": "21227-3551",
            "country": "USA",
            "phone": "410-401-2090",
            "fax": "410-401-2071"
        },
        {
            "location_name": "Washington DC",
            "address_1": "6800 Muirkirk Road",
            "address_2": "",
            "city": "Beltsville",
            "state": "MD",
            "state_name": "Maryland",
            "postal_code": "20705-1227",
            "country": "USA",
            "phone": "301-419-7700",
            "fax": "301-419-7701"
        },
        {
            "location_name": "WMATA (Wash. DC Transit)",
            "address_1": "6800 Muirkirk Road",
            "address_2": "",
            "city": "Beltsville",
            "state": "MD",
            "state_name": "Maryland",
            "postal_code": "20705-1227",
            "country": "USA",
            "phone": "301-419-7761",
            "fax": "301-419-7769"
        },
        {
            "location_name": "Maine",
            "address_1": "23 Walpole Park South",
            "address_2": "",
            "city": "Walpole",
            "state": "MA",
            "state_name": "Massachusetts",
            "postal_code": "02081-2531",
            "country": "USA",
            "phone": "508-660-5454",
            "fax": "508-660-5440"
        },
        {
            "location_name": "Ann Arbor, MI",
            "address_1": "Livonia Corporate Center, Building 5",
            "address_2": "28451 Schoolcraft Road",
            "city": "Livonia",
            "state": "MI",
            "state_name": "Michigan",
            "postal_code": "48150-2238",
            "country": "USA",
            "phone": "734-971-8242",
            "fax": "734-971-1545"
        },
        {
            "location_name": "Detroit, MI ",
            "address_1": "Livonia Corporate Center, Building 5",
            "address_2": "28451 Schoolcraft Road",
            "city": "Livonia",
            "state": "MI",
            "state_name": "Michigan",
            "postal_code": "48150-2238",
            "country": "USA",
            "phone": "734-367-9410",
            "fax": "734-367-9440"
        },
        {
            "location_name": "Grand Rapids, MI",
            "address_1": "4740 Talon Court  SE",
            "address_2": "Suite 1",
            "city": "Grand Rapids",
            "state": "MI",
            "state_name": "Michigan",
            "postal_code": "49512-5408",
            "country": "USA",
            "phone": "616-656-1450",
            "fax": "616-656-1454"
        },
        {
            "location_name": "Lansing, MI",
            "address_1": "3135 Pine Tree Road",
            "address_2": "Suite B",
            "city": "Lansing",
            "state": "MI",
            "state_name": "Michigan",
            "postal_code": "48911-4242",
            "country": "USA",
            "phone": "517-272-1234",
            "fax": "517-272-1240"
        },
        {
            "location_name": "Minneapolis/St. Paul, MN",
            "address_1": "895 Blue Gentian Road",
            "address_2": "",
            "city": "Eagan",
            "state": "MN",
            "state_name": "Minnesota",
            "postal_code": "55121-1568",
            "country": "USA",
            "phone": "651-406-5300",
            "fax": "651-406-5321"
        },
        {
            "location_name": "Kansas City, MO",
            "address_1": "1802 Jasper Street",
            "address_2": "",
            "city": "North Kansas City",
            "state": "MO",
            "state_name": "Missouri",
            "postal_code": "64116-3623",
            "country": "USA",
            "phone": "816-474-9494",
            "fax": "816-842-1976"
        },
        {
            "location_name": "St Louis, MO",
            "address_1": "1926 Innerbelt Business Center Drive",
            "address_2": "",
            "city": "St. Louis",
            "state": "MO",
            "state_name": "Missouri",
            "postal_code": "63114-5760",
            "country": "USA",
            "phone": "314-372-4560",
            "fax": "314-372-4571"
        },
        {
            "location_name": "Jackson, MS",
            "address_1": "5251 Greenway Drive",
            "address_2": "",
            "city": "Jackson",
            "state": "MS",
            "state_name": "Mississippi",
            "postal_code": "39204-3212",
            "country": "USA",
            "phone": "601-923-3344",
            "fax": "601-923-3371"
        },
        {
            "location_name": "Charlotte, NC",
            "address_1": "900 Center Park Drive",
            "address_2": "Suite D",
            "city": "Charlotte",
            "state": "NC",
            "state_name": "North Carolina",
            "postal_code": "28217-2962",
            "country": "USA",
            "phone": "704-329-1470",
            "fax": "704-329-1478"
        },
        {
            "location_name": "Greensboro, NC",
            "address_1": "495 Arbor Hill Road",
            "address_2": "Suite A",
            "city": "Kernersville",
            "state": "NC",
            "state_name": "North Carolina",
            "postal_code": "27284-3335",
            "country": "USA",
            "phone": "336-992-0537",
            "fax": "336-992-0578"
        },
        {
            "location_name": "Raleigh, NC",
            "address_1": "2101 Westinghouse Blvd.",
            "address_2": "Suite 102",
            "city": "Raleigh",
            "state": "NC",
            "state_name": "North Carolina",
            "postal_code": "27604-2477",
            "country": "USA",
            "phone": "919-954-9454",
            "fax": "919-954-9433"
        },
        {
            "location_name": "Fargo, ND",
            "address_1": "607 Cottonwood Drive",
            "address_2": "",
            "city": "Casselton",
            "state": "ND",
            "state_name": "North Dakota",
            "postal_code": "58012-3815",
            "country": "USA",
            "phone": "701-347-9834",
            "fax": "701-347-9857"
        },
        {
            "location_name": "Omaha, NE",
            "address_1": "5358 F Street",
            "address_2": "",
            "city": "Omaha",
            "state": "NE",
            "state_name": "Nebraska",
            "postal_code": "68117-2804",
            "country": "USA",
            "phone": "402-734-7572",
            "fax": "402-734-7354"
        },
        {
            "location_name": "Northern New Jersey, NJ",
            "address_1": "20 Whippany Road",
            "address_2": "Suite 122",
            "city": "Morristown",
            "state": "NJ",
            "state_name": "New Jersey",
            "postal_code": "07960-4524",
            "country": "USA",
            "phone": "800-225-0140",
            "fax": "973-397-3710"
        },
        {
            "location_name": "Philadelphia, PA",
            "address_1": "840 North Lenola Road",
            "address_2": "Suite 4",
            "city": "Moorestown",
            "state": "NJ",
            "state_name": "New Jersey",
            "postal_code": "08057-1055",
            "country": "USA",
            "phone": "856-234-2220",
            "fax": "856-437-2322"
        },
        {
            "location_name": "South Jersey, NJ",
            "address_1": "200 West Parkway Drive",
            "address_2": "",
            "city": "Egg Harbor Township",
            "state": "NJ",
            "state_name": "New Jersey",
            "postal_code": "08234-5104",
            "country": "USA",
            "phone": "609-641-7880",
            "fax": "609-641-7175"
        },
        {
            "location_name": "Las Vegas, NV",
            "address_1": "6265 South Valley View Blvd., Suite H",
            "address_2": "",
            "city": "Las Vegas",
            "state": "NV",
            "state_name": "Nevada",
            "postal_code": "89118-6812",
            "country": "USA",
            "phone": "702-222-1875",
            "fax": "702-222-1876"
        },
        {
            "location_name": "Albany, NY ",
            "address_1": "12 Walker Way",
            "address_2": "",
            "city": "Albany",
            "state": "NY",
            "state_name": "New York",
            "postal_code": "12205-4946",
            "country": "USA",
            "phone": "518-782-0744",
            "fax": "518-782-0949"
        },
        {
            "location_name": "Buffalo, NY",
            "address_1": "80 Curtwright Drive",
            "address_2": "Suite 3",
            "city": "Williamsville",
            "state": "NY",
            "state_name": "New York",
            "postal_code": "14221-7055",
            "country": "USA",
            "phone": "716-632-1463",
            "fax": "716-632-1466"
        },
        {
            "location_name": "Downtown Manhattan, NYC",
            "address_1": "620 12th Avenue",
            "address_2": "4th Floor",
            "city": "New York",
            "state": "NY",
            "state_name": "New York",
            "postal_code": "10036-1004",
            "country": "USA",
            "phone": "212-708-1000",
            "fax": "212-708-1094"
        },
        {
            "location_name": "Long Island, NY",
            "address_1": "7 Midland Avenue",
            "address_2": "",
            "city": "Hicksville",
            "state": "NY",
            "state_name": "New York",
            "postal_code": "11801-1509",
            "country": "USA",
            "phone": "516-860-1321",
            "fax": "516-860-1350"
        },
        {
            "location_name": "Midtown Manhattan",
            "address_1": "620 12th Avenue",
            "address_2": "4th Floor",
            "city": "New York",
            "state": "NY",
            "state_name": "New York",
            "postal_code": "10036-1004",
            "country": "USA",
            "phone": "212-708-1000",
            "fax": "212-708-1094"
        },
        {
            "location_name": "Rochester, NY",
            "address_1": "50 Vantage Point Drive",
            "address_2": "Suite 2",
            "city": "Rochester",
            "state": "NY",
            "state_name": "New York",
            "postal_code": "14624-1181",
            "country": "USA",
            "phone": "585-352-2088",
            "fax": "585-352-2093"
        },
        {
            "location_name": "Syracuse, NY ",
            "address_1": "587 West Bear Street",
            "address_2": "",
            "city": "Syracuse",
            "state": "NY",
            "state_name": "New York",
            "postal_code": "13204-1313",
            "country": "USA",
            "phone": "315-472-4308",
            "fax": "315-472-4169"
        },
        {
            "location_name": "Uptown Manhattan, NYC ",
            "address_1": "620 12th Avenue",
            "address_2": "4th Floor",
            "city": "New York",
            "state": "NY",
            "state_name": "New York",
            "postal_code": "10036-1004",
            "country": "USA",
            "phone": "212-708-1000",
            "fax": "212-708-1094"
        },
        {
            "location_name": "Westchester, NY",
            "address_1": "48 Lake Street",
            "address_2": "",
            "city": "White Plains",
            "state": "NY",
            "state_name": "New York",
            "postal_code": "10603-4004",
            "country": "USA",
            "phone": "914-997-8300",
            "fax": "914-997-8432"
        },
        {
            "location_name": "Akron/Canton, OH",
            "address_1": "2579 South Arlington Road",
            "address_2": "",
            "city": "Akron",
            "state": "OH",
            "state_name": "Ohio",
            "postal_code": "44319-2007",
            "country": "USA",
            "phone": "866-839-5430",
            "fax": "330-645-3655"
        },
        {
            "location_name": "Cincinnati, OH",
            "address_1": "5426 Duff Drive",
            "address_2": "",
            "city": "Cincinnati",
            "state": "OH",
            "state_name": "Ohio",
            "postal_code": "45246-1323",
            "country": "USA",
            "phone": "513-341-2600",
            "fax": "513-341-2601"
        },
        {
            "location_name": "Cleveland, OH ",
            "address_1": "18013 Cleveland Parkway ",
            "address_2": "Suite 140",
            "city": "Cleveland",
            "state": "OH",
            "state_name": "Ohio",
            "postal_code": "44135-3231",
            "country": "USA",
            "phone": "216-391-8600",
            "fax": "216-391-5006"
        },
        {
            "location_name": "Columbus, OH ",
            "address_1": "3607 Interchange Road",
            "address_2": "",
            "city": "Columbus",
            "state": "OH",
            "state_name": "Ohio",
            "postal_code": "43204-1499",
            "country": "USA",
            "phone": "614-573-2777",
            "fax": "614-573-2786"
        },
        {
            "location_name": "Toledo, OH",
            "address_1": "1530 Timberwolf Drive, Ste. B",
            "address_2": "",
            "city": "Holland",
            "state": "OH",
            "state_name": "Ohio",
            "postal_code": "43528-9161",
            "country": "USA",
            "phone": "419-861-5900",
            "fax": "419-861-5901"
        },
        {
            "location_name": "Tulsa, OK",
            "address_1": "3168 South 108th East Avenue",
            "address_2": "Suite 370",
            "city": "Tulsa",
            "state": "OK",
            "state_name": "Oklahoma",
            "postal_code": "74146-1622",
            "country": "USA",
            "phone": "918-627-1116",
            "fax": "918-627-1191"
        },
        {
            "location_name": "Portland, OR",
            "address_1": "13122 NE David Circle",
            "address_2": "Suite 400",
            "city": "Portland",
            "state": "OR",
            "state_name": "Oregon",
            "postal_code": "97230-1706",
            "country": "USA",
            "phone": "503-286-9799",
            "fax": "503-286-9489"
        },
        {
            "location_name": "Allentown, PA",
            "address_1": "6330 Hedgewood Drive",
            "address_2": "Suite 210",
            "city": "Allentown",
            "state": "PA",
            "state_name": "Pennsylvania",
            "postal_code": "18106-9268",
            "country": "USA",
            "phone": "610-391-8895",
            "fax": "610-391-8911"
        },
        {
            "location_name": "Harrisburg, PA",
            "address_1": "219 South 10th Street",
            "address_2": "Suite C",
            "city": "Lemoyne",
            "state": "PA",
            "state_name": "Pennsylvania",
            "postal_code": "17043-1704",
            "country": "USA",
            "phone": "717-761-5273",
            "fax": "717-761-5283"
        },
        {
            "location_name": "Philadelphia, PA",
            "address_1": "840 North Lenola Road",
            "address_2": "Suite 4",
            "city": "Moorestown",
            "state": "NJ",
            "state_name": "New Jersey",
            "postal_code": "08057-1055",
            "country": "USA",
            "phone": "856-234-2220",
            "fax": "856-437-2322"
        },
        {
            "location_name": "Pittsburgh, PA",
            "address_1": "230 Bilmar Drive",
            "address_2": "",
            "city": "Pittsburgh",
            "state": "PA",
            "state_name": "Pennsylvania",
            "postal_code": "15205-4601",
            "country": "USA",
            "phone": "412-578-6600",
            "fax": "412-578-6604"
        },
        {
            "location_name": "Wilkes-Barre/Scranton, PA",
            "address_1": "34 South Main Street, Suite 23",
            "address_2": "",
            "city": "Wilkes-Barre",
            "state": "PA",
            "state_name": "Pennsylvania",
            "postal_code": "18701-1723",
            "country": "USA",
            "phone": "610-391-8895",
            "fax": "570-819-1630"
        },
        {
            "location_name": "San Juan, PR",
            "address_1": "Calle 19, Lote 1A",
            "address_2": "Palmas Industrial Park",
            "city": "Cataño",
            "state": "PR",
            "state_name": "Puerto Rico",
            "postal_code": "00962-4136",
            "country": "USA",
            "phone": "787-641-8181",
            "fax": "787-641-8195"
        },
        {
            "location_name": "Providence, RI",
            "address_1": "203 Concord Street",
            "address_2": "Suite 429",
            "city": "Pawtucket",
            "state": "RI",
            "state_name": "Rhode Island",
            "postal_code": "02860-3480",
            "country": "USA",
            "phone": "401-722-9161",
            "fax": "401-722-9151"
        },
        {
            "location_name": "Charleston, SC",
            "address_1": "5965 Core Road",
            "address_2": "Suite 623",
            "city": "North Charleston",
            "state": "SC",
            "state_name": "South Carolina",
            "postal_code": "29406-6086",
            "country": "USA",
            "phone": "843-747-7350",
            "fax": "843-747-7353"
        },
        {
            "location_name": "Greenville, SC",
            "address_1": "1200 Woodruff Road",
            "address_2": "Suite B-20",
            "city": "Greenville",
            "state": "SC",
            "state_name": "South Carolina",
            "postal_code": "29607-5731",
            "country": "USA",
            "phone": "864-627-5332",
            "fax": "864-627-5035"
        },
        {
            "location_name": "Chattanooga, TN",
            "address_1": "910D Creekside Road",
            "address_2": "Suite 2728",
            "city": "Chattanooga",
            "state": "TN",
            "state_name": "Tennessee",
            "postal_code": "37406-1028",
            "country": "USA",
            "phone": "423-624-9446",
            "fax": "423-624-9858"
        },
        {
            "location_name": "Memphis, TN",
            "address_1": "5100 Poplar Avenue",
            "address_2": "Suite 602",
            "city": "Memphis",
            "state": "TN",
            "state_name": "Tennessee",
            "postal_code": "38137-0602",
            "country": "USA",
            "phone": "901-683-4581",
            "fax": "901-682-0157"
        },
        {
            "location_name": "Nashville, TN",
            "address_1": "209 Riverhills Drive",
            "address_2": "Suite #3",
            "city": "Nashville",
            "state": "TN",
            "state_name": "Tennessee",
            "postal_code": "37210-2320",
            "country": "USA",
            "phone": "615-242-4975",
            "fax": "615-254-5034"
        },
        {
            "location_name": "Austin, TX",
            "address_1": "8868 Research Boulevard",
            "address_2": "Suite 201",
            "city": "Austin",
            "state": "TX",
            "state_name": "Texas",
            "postal_code": "78758-5968",
            "country": "USA",
            "phone": "512-451-3620",
            "fax": "512-451-3070"
        },
        {
            "location_name": "Beaumont, TX",
            "address_1": "6940 College",
            "address_2": "Unit B",
            "city": "Beaumont",
            "state": "TX",
            "state_name": "Texas",
            "postal_code": "77707-3234",
            "country": "USA",
            "phone": "409-838-3117",
            "fax": "409-860-4110"
        },
        {
            "location_name": "Dallas, TX",
            "address_1": "6631 N. Belt Line Road",
            "address_2": "Suite 130",
            "city": "Irving",
            "state": "TX",
            "state_name": "Texas",
            "postal_code": "75063-6001",
            "country": "USA",
            "phone": "972-621-2500",
            "fax": "972-621-2502"
        },
        {
            "location_name": "El Paso,TX",
            "address_1": "2031 Texas Avenue",
            "address_2": "",
            "city": "El Paso",
            "state": "TX",
            "state_name": "Texas",
            "postal_code": "79901-1918",
            "country": "USA",
            "phone": "915-544-9260",
            "fax": "915-533-3731"
        },
        {
            "location_name": "Fort Worth, TX",
            "address_1": "777 Main Street, Suite 600",
            "address_2": "",
            "city": "Ft. Worth",
            "state": "TX",
            "state_name": "Texas",
            "postal_code": "76102-5304",
            "country": "USA",
            "phone": "817-335-5752",
            "fax": "817-348-8728"
        },
        {
            "location_name": "Houston, TX",
            "address_1": "2105 Silber Road",
            "address_2": "Suite 100",
            "city": "Houston",
            "state": "TX",
            "state_name": "Texas",
            "postal_code": "77055-2653",
            "country": "USA",
            "phone": "713-692-7165",
            "fax": "713-692-0075"
        },
        {
            "location_name": "San Antonio, TX",
            "address_1": "12961 Park Central",
            "address_2": "Suite 1460",
            "city": "San Antonio",
            "state": "TX",
            "state_name": "Texas",
            "postal_code": "78216-2073",
            "country": "USA",
            "phone": "800-847-5876",
            "fax": "210-490-1338"
        },
        {
            "location_name": "Salt Lake City, UT",
            "address_1": "2448 So. Progress Drive",
            "address_2": "",
            "city": "West Valley City",
            "state": "UT",
            "state_name": "Utah",
            "postal_code": "84119-1339",
            "country": "USA",
            "phone": "801-487-0705",
            "fax": "801-487-0308"
        },
        {
            "location_name": "Richmond, VA",
            "address_1": "8801 Park Central Drive",
            "address_2": "Suite 100",
            "city": "Richmond",
            "state": "VA",
            "state_name": "Virginia",
            "postal_code": "23227-1147",
            "country": "USA",
            "phone": "804-727-3120",
            "fax": "804-262-8689"
        },
        {
            "location_name": "Roanoke, VA",
            "address_1": "686 Lee Highway South",
            "address_2": "",
            "city": "Roanoke",
            "state": "VA",
            "state_name": "Virginia",
            "postal_code": "24019-8515",
            "country": "USA",
            "phone": "540-992-1843",
            "fax": "540-992-2539"
        },
        {
            "location_name": "Virginia Beach, VA",
            "address_1": "1209 Baker Road",
            "address_2": "Suite 501",
            "city": "Virginia Beach",
            "state": "VA",
            "state_name": "Virginia",
            "postal_code": "23455-3651",
            "country": "USA",
            "phone": "757-464-0290",
            "fax": "757-464-0282"
        },
        {
            "location_name": "Burlington, VT",
            "address_1": "97 Blakely Road",
            "address_2": "Suite 213",
            "city": "Colchester",
            "state": "VT",
            "state_name": "Vermont",
            "postal_code": "05446-3985",
            "country": "USA",
            "phone": "800-452-4117",
            "fax": "413-733-0517"
        },
        {
            "location_name": "Seattle, WA",
            "address_1": "15413 NE 95th Street",
            "address_2": "",
            "city": "Redmond",
            "state": "WA",
            "state_name": "Washington",
            "postal_code": "98052-2548",
            "country": "USA",
            "phone": "206-291-3000",
            "fax": "206-291-3029"
        },
        {
            "location_name": "Spokane, WA",
            "address_1": "409 N Thierman Road",
            "address_2": "Suite D",
            "city": "Spokane Valley",
            "state": "WA",
            "state_name": "Washington",
            "postal_code": "99212-1129",
            "country": "USA",
            "phone": "509-535-2471",
            "fax": "509-535-7149"
        },
        {
            "location_name": "Madison, WI",
            "address_1": "1906 Wright Street",
            "address_2": "",
            "city": "Madison",
            "state": "WI",
            "state_name": "Wisconsin",
            "postal_code": "53704-2570",
            "country": "USA",
            "phone": "608-237-5700",
            "fax": "608-237-5715"
        },
        {
            "location_name": "Milwaukee, WI",
            "address_1": "W136 N4863 Campbell Drive",
            "address_2": "Suite 8",
            "city": "Menomonee Falls",
            "state": "WI",
            "state_name": "Wisconsin",
            "postal_code": "53051-7027",
            "country": "USA",
            "phone": "262-317-4170",
            "fax": "262-317-4190"
        },
        {
            "location_name": "Charleston, WV",
            "address_1": "1714 7th Avenue",
            "address_2": "",
            "city": "Charleston",
            "state": "WV",
            "state_name": "West Virginia",
            "postal_code": "25312-1931",
            "country": "USA",
            "phone": "412-578-6600",
            "fax": "412-578-6604"
        },
        {
            "location_name": "Calgary, Alberta",
            "address_1": "527 Manitou Road, SE",
            "address_2": "",
            "city": "Calgary",
            "state": "AB",
            "state_name": "Alberta",
            "postal_code": "T2G 4C2",
            "country": "Canada",
            "phone": "403-243-0715",
            "fax": "403-243-1833"
        },
        {
            "location_name": "Edmonton, Alberta",
            "address_1": "15006-116th Avenue W",
            "address_2": "",
            "city": "Edmonton",
            "state": "AB",
            "state_name": "Alberta",
            "postal_code": "T5M 3T4",
            "country": "Canada",
            "phone": "780-425-1043",
            "fax": "780-429-1441"
        },
        {
            "location_name": "Vancouver",
            "address_1": "1206 William Street",
            "address_2": "",
            "city": "Vancouver",
            "state": "BC",
            "state_name": "Brittish Columbia",
            "postal_code": "V6A 2J2",
            "country": "Canada",
            "phone": "604-253-2361",
            "fax": "604-253-6234 General office and EI fax"
        },
        {
            "location_name": "Hamilton, Ontario",
            "address_1": "1377 Cormorant Road",
            "address_2": "Suite 103",
            "city": "Ancaster",
            "state": "ON",
            "state_name": "Ontario",
            "postal_code": "L9G 4V5",
            "country": "Canada",
            "phone": "800-668-8171",
            "fax": "905-304-1633"
        },
        {
            "location_name": "Ottawa, Ontario",
            "address_1": "3030 Conroy Road",
            "address_2": "Suite 102",
            "city": "Ottawa",
            "state": "ON",
            "state_name": "Ontario",
            "postal_code": "K1G 6C2",
            "country": "Canada",
            "phone": "613-727-1289",
            "fax": "613-727-0157"
        },
        {
            "location_name": "Toronto, Ontario",
            "address_1": "3640A McNicoll Avenue",
            "address_2": "",
            "city": "Toronto",
            "state": "ON",
            "state_name": "Ontario",
            "postal_code": "M1X 1G5",
            "country": "Canada",
            "phone": "416-332-8280",
            "fax": "416-332-8276"
        },
        {
            "location_name": "Montreal, Quebec",
            "address_1": "8577 Ch. Dalton",
            "address_2": "",
            "city": "Montreal",
            "state": "QC",
            "state_name": "Quebec",
            "postal_code": "H4T 1V5",
            "country": "Canada",
            "phone": "514-737-7367",
            "fax": "514-737-7420"
        }
    ]
}